[
    {
        "inputs": [
            {
                "internalType": "address",
                "name": "_initBlueprint",
                "type": "address"
            }
        ],
        "stateMutability": "nonpayable",
        "type": "constructor"
    },
    {
        "anonymous": false,
        "inputs": [
            {
                "indexed": false,
                "internalType": "uint256",
                "name": "id",
                "type": "uint256"
            },
            {
                "indexed": false,
                "internalType": "address",
                "name": "token",
                "type": "address"
            },
            {
                "indexed": false,
                "internalType": "string",
                "name": "name",
                "type": "string"
            },
            {
                "indexed": false,
                "internalType": "address",
                "name": "airdrop",
                "type": "address"
            }
        ],
        "name": "GempadAirdropCreated",
        "type": "event"
    },
    {
        "anonymous": false,
        "inputs": [
            {
                "indexed": true,
                "internalType": "address",
                "name": "previousOwner",
                "type": "address"
            },
            {
                "indexed": true,
                "internalType": "address",
                "name": "newOwner",
                "type": "address"
            }
        ],
        "name": "OwnershipTransferred",
        "type": "event"
    },
    {
        "inputs": [
            {
                "internalType": "address",
                "name": "_tokenAddress",
                "type": "address"
            },
            {
                "internalType": "string",
                "name": "_airdropName",
                "type": "string"
            },
            {
                "internalType": "address payable",
                "name": "_feeReceiver",
                "type": "address"
            }
        ],
        "name": "createGempadAirdrop",
        "outputs": [],
        "stateMutability": "payable",
        "type": "function"
    },
    {
        "inputs": [],
        "name": "getAllGempadAirdrop",
        "outputs": [
            {
                "internalType": "address[]",
                "name": "",
                "type": "address[]"
            }
        ],
        "stateMutability": "view",
        "type": "function"
    },
    {
        "inputs": [],
        "name": "getGempadAirdropBeacon",
        "outputs": [
            {
                "internalType": "address",
                "name": "",
                "type": "address"
            }
        ],
        "stateMutability": "view",
        "type": "function"
    },
    {
        "inputs": [],
        "name": "getImplementation",
        "outputs": [
            {
                "internalType": "address",
                "name": "",
                "type": "address"
            }
        ],
        "stateMutability": "view",
        "type": "function"
    },
    {
        "inputs": [
            {
                "internalType": "address",
                "name": "_user",
                "type": "address"
            }
        ],
        "name": "getUserAirdrop",
        "outputs": [
            {
                "internalType": "address[]",
                "name": "",
                "type": "address[]"
            }
        ],
        "stateMutability": "view",
        "type": "function"
    },
    {
        "inputs": [],
        "name": "owner",
        "outputs": [
            {
                "internalType": "address",
                "name": "",
                "type": "address"
            }
        ],
        "stateMutability": "view",
        "type": "function"
    },
    {
        "inputs": [],
        "name": "renounceOwnership",
        "outputs": [],
        "stateMutability": "nonpayable",
        "type": "function"
    },
    {
        "inputs": [
            {
                "internalType": "address",
                "name": "newOwner",
                "type": "address"
            }
        ],
        "name": "transferOwnership",
        "outputs": [],
        "stateMutability": "nonpayable",
        "type": "function"
    }
]