[
    {
        "inputs": [],
        "stateMutability": "nonpayable",
        "type": "constructor"
    },
    {
        "anonymous": false,
        "inputs": [
            {
                "indexed": false,
                "internalType": "address",
                "name": "token",
                "type": "address"
            },
            {
                "indexed": false,
                "internalType": "address[]",
                "name": "users",
                "type": "address[]"
            },
            {
                "indexed": false,
                "internalType": "bool",
                "name": "status",
                "type": "bool"
            }
        ],
        "name": "Blacklist",
        "type": "event"
    },
    {
        "anonymous": false,
        "inputs": [
            {
                "indexed": true,
                "internalType": "address",
                "name": "previousOwner",
                "type": "address"
            },
            {
                "indexed": true,
                "internalType": "address",
                "name": "newOwner",
                "type": "address"
            }
        ],
        "name": "OwnershipTransferred",
        "type": "event"
    },
    {
        "anonymous": false,
        "inputs": [
            {
                "indexed": false,
                "internalType": "address",
                "name": "token",
                "type": "address"
            },
            {
                "indexed": false,
                "internalType": "address[]",
                "name": "users",
                "type": "address[]"
            },
            {
                "indexed": false,
                "internalType": "bool",
                "name": "status",
                "type": "bool"
            }
        ],
        "name": "Whitelist",
        "type": "event"
    },
    {
        "inputs": [
            {
                "internalType": "address",
                "name": "_token",
                "type": "address"
            },
            {
                "internalType": "address[]",
                "name": "_blacklists",
                "type": "address[]"
            }
        ],
        "name": "addBlackLists",
        "outputs": [],
        "stateMutability": "nonpayable",
        "type": "function"
    },
    {
        "inputs": [
            {
                "internalType": "address",
                "name": "_token",
                "type": "address"
            },
            {
                "internalType": "address[]",
                "name": "_whitelists",
                "type": "address[]"
            }
        ],
        "name": "addWhiteLists",
        "outputs": [],
        "stateMutability": "nonpayable",
        "type": "function"
    },
    {
        "inputs": [
            {
                "internalType": "address",
                "name": "",
                "type": "address"
            },
            {
                "internalType": "address",
                "name": "",
                "type": "address"
            }
        ],
        "name": "blacklists",
        "outputs": [
            {
                "internalType": "bool",
                "name": "",
                "type": "bool"
            }
        ],
        "stateMutability": "view",
        "type": "function"
    },
    {
        "inputs": [
            {
                "internalType": "address",
                "name": "",
                "type": "address"
            }
        ],
        "name": "configs",
        "outputs": [
            {
                "internalType": "address",
                "name": "router",
                "type": "address"
            },
            {
                "internalType": "address",
                "name": "pair",
                "type": "address"
            },
            {
                "internalType": "uint256",
                "name": "limitAmount",
                "type": "uint256"
            },
            {
                "internalType": "uint256",
                "name": "amountPerBlock",
                "type": "uint256"
            },
            {
                "internalType": "uint256",
                "name": "limitTime",
                "type": "uint256"
            },
            {
                "internalType": "uint256",
                "name": "startBlock",
                "type": "uint256"
            },
            {
                "internalType": "uint256",
                "name": "disableBlock",
                "type": "uint256"
            },
            {
                "internalType": "uint256",
                "name": "preTransferTime",
                "type": "uint256"
            }
        ],
        "stateMutability": "view",
        "type": "function"
    },
    {
        "inputs": [],
        "name": "getCurrrentBlock",
        "outputs": [
            {
                "internalType": "uint256",
                "name": "",
                "type": "uint256"
            }
        ],
        "stateMutability": "view",
        "type": "function"
    },
    {
        "inputs": [
            {
                "internalType": "address",
                "name": "",
                "type": "address"
            }
        ],
        "name": "isConfigSet",
        "outputs": [
            {
                "internalType": "bool",
                "name": "",
                "type": "bool"
            }
        ],
        "stateMutability": "view",
        "type": "function"
    },
    {
        "inputs": [],
        "name": "minBlockLimit",
        "outputs": [
            {
                "internalType": "uint256",
                "name": "",
                "type": "uint256"
            }
        ],
        "stateMutability": "view",
        "type": "function"
    },
    {
        "inputs": [
            {
                "internalType": "address",
                "name": "from",
                "type": "address"
            },
            {
                "internalType": "address",
                "name": "to",
                "type": "address"
            },
            {
                "internalType": "uint256",
                "name": "amount",
                "type": "uint256"
            }
        ],
        "name": "onPreTransferCheck",
        "outputs": [
            {
                "internalType": "bool",
                "name": "",
                "type": "bool"
            }
        ],
        "stateMutability": "nonpayable",
        "type": "function"
    },
    {
        "inputs": [],
        "name": "owner",
        "outputs": [
            {
                "internalType": "address",
                "name": "",
                "type": "address"
            }
        ],
        "stateMutability": "view",
        "type": "function"
    },
    {
        "inputs": [
            {
                "internalType": "address",
                "name": "_token",
                "type": "address"
            },
            {
                "internalType": "address[]",
                "name": "_whitelists",
                "type": "address[]"
            }
        ],
        "name": "removeWhiteLists",
        "outputs": [],
        "stateMutability": "nonpayable",
        "type": "function"
    },
    {
        "inputs": [
            {
                "internalType": "address",
                "name": "_token",
                "type": "address"
            },
            {
                "internalType": "address[]",
                "name": "_blacklists",
                "type": "address[]"
            }
        ],
        "name": "removeblackLists",
        "outputs": [],
        "stateMutability": "nonpayable",
        "type": "function"
    },
    {
        "inputs": [],
        "name": "renounceOwnership",
        "outputs": [],
        "stateMutability": "nonpayable",
        "type": "function"
    },
    {
        "inputs": [
            {
                "internalType": "address",
                "name": "_token",
                "type": "address"
            },
            {
                "internalType": "address",
                "name": "_router",
                "type": "address"
            },
            {
                "internalType": "address",
                "name": "_pair",
                "type": "address"
            },
            {
                "internalType": "uint256",
                "name": "_limitAmount",
                "type": "uint256"
            },
            {
                "internalType": "uint256",
                "name": "_amountPerBlock",
                "type": "uint256"
            },
            {
                "internalType": "uint256",
                "name": "_limitTime",
                "type": "uint256"
            },
            {
                "internalType": "uint256",
                "name": "_disableBlock",
                "type": "uint256"
            }
        ],
        "name": "saveConfig",
        "outputs": [],
        "stateMutability": "nonpayable",
        "type": "function"
    },
    {
        "inputs": [
            {
                "internalType": "uint256",
                "name": "_minBlockLimit",
                "type": "uint256"
            }
        ],
        "name": "setMinBlockLimit",
        "outputs": [],
        "stateMutability": "nonpayable",
        "type": "function"
    },
    {
        "inputs": [
            {
                "internalType": "address",
                "name": "owner",
                "type": "address"
            }
        ],
        "name": "setTokenOwner",
        "outputs": [],
        "stateMutability": "nonpayable",
        "type": "function"
    },
    {
        "inputs": [
            {
                "internalType": "address",
                "name": "",
                "type": "address"
            }
        ],
        "name": "token_owner",
        "outputs": [
            {
                "internalType": "address",
                "name": "",
                "type": "address"
            }
        ],
        "stateMutability": "view",
        "type": "function"
    },
    {
        "inputs": [
            {
                "internalType": "address",
                "name": "newOwner",
                "type": "address"
            }
        ],
        "name": "transferOwnership",
        "outputs": [],
        "stateMutability": "nonpayable",
        "type": "function"
    },
    {
        "inputs": [
            {
                "internalType": "address",
                "name": "",
                "type": "address"
            },
            {
                "internalType": "address",
                "name": "",
                "type": "address"
            }
        ],
        "name": "whitelists",
        "outputs": [
            {
                "internalType": "bool",
                "name": "",
                "type": "bool"
            }
        ],
        "stateMutability": "view",
        "type": "function"
    }
]