[
    {
        "inputs": [
            {
                "internalType": "address",
                "name": "_initBlueprint",
                "type": "address"
            }
        ],
        "stateMutability": "nonpayable",
        "type": "constructor"
    },
    {
        "anonymous": false,
        "inputs": [
            {
                "indexed": false,
                "internalType": "address",
                "name": "id",
                "type": "address"
            },
            {
                "components": [
                    {
                        "internalType": "contract IERC20Extented",
                        "name": "token",
                        "type": "address"
                    },
                    {
                        "internalType": "uint256",
                        "name": "totalSaleAmount",
                        "type": "uint256"
                    },
                    {
                        "internalType": "uint256",
                        "name": "startPrice",
                        "type": "uint256"
                    },
                    {
                        "internalType": "uint256",
                        "name": "endPrice",
                        "type": "uint256"
                    },
                    {
                        "internalType": "uint256",
                        "name": "softCap",
                        "type": "uint256"
                    },
                    {
                        "internalType": "uint256",
                        "name": "hardCap",
                        "type": "uint256"
                    },
                    {
                        "internalType": "uint256",
                        "name": "minBuyLimit",
                        "type": "uint256"
                    },
                    {
                        "internalType": "uint256",
                        "name": "maxBuyLimit",
                        "type": "uint256"
                    },
                    {
                        "internalType": "uint256",
                        "name": "startTime",
                        "type": "uint256"
                    },
                    {
                        "internalType": "uint256",
                        "name": "endTime",
                        "type": "uint256"
                    },
                    {
                        "internalType": "uint256",
                        "name": "finalizeTime",
                        "type": "uint256"
                    },
                    {
                        "internalType": "uint256",
                        "name": "publicSaleTime",
                        "type": "uint256"
                    },
                    {
                        "internalType": "uint256",
                        "name": "decreaseInterval",
                        "type": "uint256"
                    }
                ],
                "indexed": false,
                "internalType": "struct GempadDutchAuctionFactory.AuctionDetails",
                "name": "info",
                "type": "tuple"
            },
            {
                "components": [
                    {
                        "internalType": "bool",
                        "name": "isVestingEnable",
                        "type": "bool"
                    },
                    {
                        "internalType": "uint256",
                        "name": "TGEPercent",
                        "type": "uint256"
                    },
                    {
                        "internalType": "uint256",
                        "name": "cyclePercent",
                        "type": "uint256"
                    },
                    {
                        "internalType": "uint256",
                        "name": "cycleInterval",
                        "type": "uint256"
                    }
                ],
                "indexed": false,
                "internalType": "struct GempadDutchAuctionFactory.VestingDetails",
                "name": "",
                "type": "tuple"
            },
            {
                "components": [
                    {
                        "internalType": "contract IUniswapV2Router02",
                        "name": "router",
                        "type": "address"
                    },
                    {
                        "internalType": "uint256",
                        "name": "liquidityPercent",
                        "type": "uint256"
                    },
                    {
                        "internalType": "uint256",
                        "name": "lockTime",
                        "type": "uint256"
                    },
                    {
                        "internalType": "address",
                        "name": "locker",
                        "type": "address"
                    },
                    {
                        "internalType": "uint256",
                        "name": "liquidityAdded",
                        "type": "uint256"
                    }
                ],
                "indexed": false,
                "internalType": "struct GempadDutchAuctionFactory.LiquidityDetails",
                "name": "liq",
                "type": "tuple"
            },
            {
                "indexed": false,
                "internalType": "address",
                "name": "dutchAuction",
                "type": "address"
            },
            {
                "indexed": false,
                "internalType": "bool",
                "name": "refundType",
                "type": "bool"
            }
        ],
        "name": "DutchAuctionCreated",
        "type": "event"
    },
    {
        "anonymous": false,
        "inputs": [
            {
                "indexed": true,
                "internalType": "address",
                "name": "previousOwner",
                "type": "address"
            },
            {
                "indexed": true,
                "internalType": "address",
                "name": "newOwner",
                "type": "address"
            }
        ],
        "name": "OwnershipTransferred",
        "type": "event"
    },
    {
        "inputs": [],
        "name": "IdCounter",
        "outputs": [
            {
                "internalType": "uint256",
                "name": "",
                "type": "uint256"
            }
        ],
        "stateMutability": "view",
        "type": "function"
    },
    {
        "inputs": [
            {
                "components": [
                    {
                        "internalType": "contract IERC20Extented",
                        "name": "token",
                        "type": "address"
                    },
                    {
                        "internalType": "uint256",
                        "name": "totalSaleAmount",
                        "type": "uint256"
                    },
                    {
                        "internalType": "uint256",
                        "name": "startPrice",
                        "type": "uint256"
                    },
                    {
                        "internalType": "uint256",
                        "name": "endPrice",
                        "type": "uint256"
                    },
                    {
                        "internalType": "uint256",
                        "name": "softCap",
                        "type": "uint256"
                    },
                    {
                        "internalType": "uint256",
                        "name": "hardCap",
                        "type": "uint256"
                    },
                    {
                        "internalType": "uint256",
                        "name": "minBuyLimit",
                        "type": "uint256"
                    },
                    {
                        "internalType": "uint256",
                        "name": "maxBuyLimit",
                        "type": "uint256"
                    },
                    {
                        "internalType": "uint256",
                        "name": "startTime",
                        "type": "uint256"
                    },
                    {
                        "internalType": "uint256",
                        "name": "endTime",
                        "type": "uint256"
                    },
                    {
                        "internalType": "uint256",
                        "name": "finalizeTime",
                        "type": "uint256"
                    },
                    {
                        "internalType": "uint256",
                        "name": "publicSaleTime",
                        "type": "uint256"
                    },
                    {
                        "internalType": "uint256",
                        "name": "decreaseInterval",
                        "type": "uint256"
                    }
                ],
                "internalType": "struct GempadDutchAuctionFactory.AuctionDetails",
                "name": "info",
                "type": "tuple"
            },
            {
                "components": [
                    {
                        "internalType": "contract IUniswapV2Router02",
                        "name": "router",
                        "type": "address"
                    },
                    {
                        "internalType": "uint256",
                        "name": "liquidityPercent",
                        "type": "uint256"
                    },
                    {
                        "internalType": "uint256",
                        "name": "lockTime",
                        "type": "uint256"
                    },
                    {
                        "internalType": "address",
                        "name": "locker",
                        "type": "address"
                    },
                    {
                        "internalType": "uint256",
                        "name": "liquidityAdded",
                        "type": "uint256"
                    }
                ],
                "internalType": "struct GempadDutchAuctionFactory.LiquidityDetails",
                "name": "_liquidity",
                "type": "tuple"
            },
            {
                "components": [
                    {
                        "internalType": "bool",
                        "name": "isVestingEnable",
                        "type": "bool"
                    },
                    {
                        "internalType": "uint256",
                        "name": "TGEPercent",
                        "type": "uint256"
                    },
                    {
                        "internalType": "uint256",
                        "name": "cyclePercent",
                        "type": "uint256"
                    },
                    {
                        "internalType": "uint256",
                        "name": "cycleInterval",
                        "type": "uint256"
                    }
                ],
                "internalType": "struct GempadDutchAuctionFactory.VestingDetails",
                "name": "_vesting",
                "type": "tuple"
            },
            {
                "internalType": "address",
                "name": "_fundToken",
                "type": "address"
            },
            {
                "internalType": "bool",
                "name": "_isPrivateMode",
                "type": "bool"
            },
            {
                "internalType": "bool",
                "name": "_refundType",
                "type": "bool"
            },
            {
                "internalType": "address payable",
                "name": "_feeReceiver",
                "type": "address"
            }
        ],
        "name": "createDutchAuction",
        "outputs": [],
        "stateMutability": "payable",
        "type": "function"
    },
    {
        "inputs": [
            {
                "internalType": "uint256",
                "name": "",
                "type": "uint256"
            }
        ],
        "name": "dutchAuctions",
        "outputs": [
            {
                "internalType": "address",
                "name": "",
                "type": "address"
            }
        ],
        "stateMutability": "view",
        "type": "function"
    },
    {
        "inputs": [],
        "name": "getAllDutchAuctions",
        "outputs": [
            {
                "internalType": "address[]",
                "name": "",
                "type": "address[]"
            }
        ],
        "stateMutability": "view",
        "type": "function"
    },
    {
        "inputs": [],
        "name": "getDutchAuction",
        "outputs": [
            {
                "internalType": "address",
                "name": "",
                "type": "address"
            }
        ],
        "stateMutability": "view",
        "type": "function"
    },
    {
        "inputs": [],
        "name": "getImplementation",
        "outputs": [
            {
                "internalType": "address",
                "name": "",
                "type": "address"
            }
        ],
        "stateMutability": "view",
        "type": "function"
    },
    {
        "inputs": [
            {
                "internalType": "address",
                "name": "_user",
                "type": "address"
            }
        ],
        "name": "getUserDutchAuctions",
        "outputs": [
            {
                "internalType": "address[]",
                "name": "",
                "type": "address[]"
            }
        ],
        "stateMutability": "view",
        "type": "function"
    },
    {
        "inputs": [],
        "name": "owner",
        "outputs": [
            {
                "internalType": "address",
                "name": "",
                "type": "address"
            }
        ],
        "stateMutability": "view",
        "type": "function"
    },
    {
        "inputs": [],
        "name": "renounceOwnership",
        "outputs": [],
        "stateMutability": "nonpayable",
        "type": "function"
    },
    {
        "inputs": [
            {
                "internalType": "address",
                "name": "newOwner",
                "type": "address"
            }
        ],
        "name": "transferOwnership",
        "outputs": [],
        "stateMutability": "nonpayable",
        "type": "function"
    }
]