[
    {
        "inputs": [
            {
                "internalType": "address",
                "name": "_initBlueprint",
                "type": "address"
            }
        ],
        "stateMutability": "nonpayable",
        "type": "constructor"
    },
    {
        "anonymous": false,
        "inputs": [
            {
                "indexed": false,
                "internalType": "address",
                "name": "id",
                "type": "address"
            },
            {
                "components": [
                    {
                        "internalType": "contract IERC20Extented",
                        "name": "token",
                        "type": "address"
                    },
                    {
                        "internalType": "uint256",
                        "name": "totalsellTokens",
                        "type": "uint256"
                    },
                    {
                        "internalType": "uint256",
                        "name": "softCap",
                        "type": "uint256"
                    },
                    {
                        "internalType": "bool",
                        "name": "isMaxLimit",
                        "type": "bool"
                    },
                    {
                        "internalType": "uint256",
                        "name": "maxBuyLimit",
                        "type": "uint256"
                    },
                    {
                        "internalType": "uint256",
                        "name": "startTime",
                        "type": "uint256"
                    },
                    {
                        "internalType": "uint256",
                        "name": "endTime",
                        "type": "uint256"
                    },
                    {
                        "internalType": "uint256",
                        "name": "finalizeTime",
                        "type": "uint256"
                    },
                    {
                        "internalType": "uint256",
                        "name": "publicSaleTime",
                        "type": "uint256"
                    },
                    {
                        "internalType": "bool",
                        "name": "isAffiliate",
                        "type": "bool"
                    },
                    {
                        "internalType": "uint256",
                        "name": "affiliateReward",
                        "type": "uint256"
                    }
                ],
                "indexed": false,
                "internalType": "struct GempadFairLuanchFactory.FairLaunchDetails",
                "name": "_info",
                "type": "tuple"
            },
            {
                "components": [
                    {
                        "internalType": "contract IUniswapV2Router02",
                        "name": "router",
                        "type": "address"
                    },
                    {
                        "internalType": "uint256",
                        "name": "liquidityPercent",
                        "type": "uint256"
                    },
                    {
                        "internalType": "uint256",
                        "name": "lockTime",
                        "type": "uint256"
                    },
                    {
                        "internalType": "address",
                        "name": "locker",
                        "type": "address"
                    },
                    {
                        "internalType": "uint256",
                        "name": "liquidityAdded",
                        "type": "uint256"
                    }
                ],
                "indexed": false,
                "internalType": "struct GempadFairLuanchFactory.LiquidityDetails",
                "name": "liq",
                "type": "tuple"
            },
            {
                "indexed": false,
                "internalType": "address",
                "name": "fairLaunch",
                "type": "address"
            }
        ],
        "name": "FairLaunchCreated",
        "type": "event"
    },
    {
        "anonymous": false,
        "inputs": [
            {
                "indexed": true,
                "internalType": "address",
                "name": "previousOwner",
                "type": "address"
            },
            {
                "indexed": true,
                "internalType": "address",
                "name": "newOwner",
                "type": "address"
            }
        ],
        "name": "OwnershipTransferred",
        "type": "event"
    },
    {
        "inputs": [],
        "name": "IdCounter",
        "outputs": [
            {
                "internalType": "uint256",
                "name": "",
                "type": "uint256"
            }
        ],
        "stateMutability": "view",
        "type": "function"
    },
    {
        "inputs": [
            {
                "components": [
                    {
                        "internalType": "contract IERC20Extented",
                        "name": "token",
                        "type": "address"
                    },
                    {
                        "internalType": "uint256",
                        "name": "totalsellTokens",
                        "type": "uint256"
                    },
                    {
                        "internalType": "uint256",
                        "name": "softCap",
                        "type": "uint256"
                    },
                    {
                        "internalType": "bool",
                        "name": "isMaxLimit",
                        "type": "bool"
                    },
                    {
                        "internalType": "uint256",
                        "name": "maxBuyLimit",
                        "type": "uint256"
                    },
                    {
                        "internalType": "uint256",
                        "name": "startTime",
                        "type": "uint256"
                    },
                    {
                        "internalType": "uint256",
                        "name": "endTime",
                        "type": "uint256"
                    },
                    {
                        "internalType": "uint256",
                        "name": "finalizeTime",
                        "type": "uint256"
                    },
                    {
                        "internalType": "uint256",
                        "name": "publicSaleTime",
                        "type": "uint256"
                    },
                    {
                        "internalType": "bool",
                        "name": "isAffiliate",
                        "type": "bool"
                    },
                    {
                        "internalType": "uint256",
                        "name": "affiliateReward",
                        "type": "uint256"
                    }
                ],
                "internalType": "struct GempadFairLuanchFactory.FairLaunchDetails",
                "name": "_info",
                "type": "tuple"
            },
            {
                "components": [
                    {
                        "internalType": "contract IUniswapV2Router02",
                        "name": "router",
                        "type": "address"
                    },
                    {
                        "internalType": "uint256",
                        "name": "liquidityPercent",
                        "type": "uint256"
                    },
                    {
                        "internalType": "uint256",
                        "name": "lockTime",
                        "type": "uint256"
                    },
                    {
                        "internalType": "address",
                        "name": "locker",
                        "type": "address"
                    },
                    {
                        "internalType": "uint256",
                        "name": "liquidityAdded",
                        "type": "uint256"
                    }
                ],
                "internalType": "struct GempadFairLuanchFactory.LiquidityDetails",
                "name": "_liquidity",
                "type": "tuple"
            },
            {
                "components": [
                    {
                        "internalType": "bool",
                        "name": "isBuyback",
                        "type": "bool"
                    },
                    {
                        "internalType": "uint256",
                        "name": "buyBackPercent",
                        "type": "uint256"
                    },
                    {
                        "internalType": "uint256",
                        "name": "totalBuyBackAmount",
                        "type": "uint256"
                    },
                    {
                        "internalType": "uint256",
                        "name": "boughtBackAmount",
                        "type": "uint256"
                    },
                    {
                        "internalType": "uint256",
                        "name": "amountPerBuyback",
                        "type": "uint256"
                    },
                    {
                        "internalType": "uint256",
                        "name": "minDelay",
                        "type": "uint256"
                    },
                    {
                        "internalType": "uint256",
                        "name": "maxDelay",
                        "type": "uint256"
                    },
                    {
                        "internalType": "uint256",
                        "name": "lastBuyTime",
                        "type": "uint256"
                    }
                ],
                "internalType": "struct GempadFairLuanchFactory.BuybackDetails",
                "name": "_buyBack",
                "type": "tuple"
            },
            {
                "internalType": "address",
                "name": "_fundToken",
                "type": "address"
            },
            {
                "internalType": "bool",
                "name": "_isprivateSale",
                "type": "bool"
            },
            {
                "internalType": "address payable",
                "name": "_feeReceiver",
                "type": "address"
            }
        ],
        "name": "createFairLaunch",
        "outputs": [],
        "stateMutability": "payable",
        "type": "function"
    },
    {
        "inputs": [
            {
                "internalType": "uint256",
                "name": "",
                "type": "uint256"
            }
        ],
        "name": "fairLaunches",
        "outputs": [
            {
                "internalType": "address",
                "name": "",
                "type": "address"
            }
        ],
        "stateMutability": "view",
        "type": "function"
    },
    {
        "inputs": [],
        "name": "getAllFairLaunches",
        "outputs": [
            {
                "internalType": "address[]",
                "name": "",
                "type": "address[]"
            }
        ],
        "stateMutability": "view",
        "type": "function"
    },
    {
        "inputs": [],
        "name": "getFairLaunchBeacon",
        "outputs": [
            {
                "internalType": "address",
                "name": "",
                "type": "address"
            }
        ],
        "stateMutability": "view",
        "type": "function"
    },
    {
        "inputs": [],
        "name": "getImplementation",
        "outputs": [
            {
                "internalType": "address",
                "name": "",
                "type": "address"
            }
        ],
        "stateMutability": "view",
        "type": "function"
    },
    {
        "inputs": [
            {
                "internalType": "address",
                "name": "_user",
                "type": "address"
            }
        ],
        "name": "getUserFairLaunche",
        "outputs": [
            {
                "internalType": "address[]",
                "name": "",
                "type": "address[]"
            }
        ],
        "stateMutability": "view",
        "type": "function"
    },
    {
        "inputs": [],
        "name": "owner",
        "outputs": [
            {
                "internalType": "address",
                "name": "",
                "type": "address"
            }
        ],
        "stateMutability": "view",
        "type": "function"
    },
    {
        "inputs": [],
        "name": "renounceOwnership",
        "outputs": [],
        "stateMutability": "nonpayable",
        "type": "function"
    },
    {
        "inputs": [
            {
                "internalType": "address",
                "name": "newOwner",
                "type": "address"
            }
        ],
        "name": "transferOwnership",
        "outputs": [],
        "stateMutability": "nonpayable",
        "type": "function"
    }
]