[
  {
    "inputs": [
      {
        "internalType": "address",
        "name": "_initBlueprint",
        "type": "address"
      }
    ],
    "stateMutability": "nonpayable",
    "type": "constructor"
  },
  {
    "anonymous": false,
    "inputs": [
      {
        "indexed": false,
        "internalType": "address",
        "name": "id",
        "type": "address"
      },
      {
        "components": [
          {
            "internalType": "contract IERC20Extented",
            "name": "token",
            "type": "address"
          },
          {
            "internalType": "uint256",
            "name": "sellPrice",
            "type": "uint256"
          },
          {
            "internalType": "uint256",
            "name": "listingPrice",
            "type": "uint256"
          },
          {
            "internalType": "uint256",
            "name": "softCap",
            "type": "uint256"
          },
          {
            "internalType": "uint256",
            "name": "hardCap",
            "type": "uint256"
          },
          {
            "internalType": "uint256",
            "name": "minBuyLimit",
            "type": "uint256"
          },
          {
            "internalType": "uint256",
            "name": "maxBuyLimit",
            "type": "uint256"
          },
          {
            "internalType": "uint256",
            "name": "startTime",
            "type": "uint256"
          },
          {
            "internalType": "uint256",
            "name": "endTime",
            "type": "uint256"
          },
          {
            "internalType": "uint256",
            "name": "finalizeTime",
            "type": "uint256"
          },
          {
            "internalType": "uint256",
            "name": "publicSaleTime",
            "type": "uint256"
          }
        ],
        "indexed": false,
        "internalType": "struct GempadLaunchpadFactory.LaunchpadDetails",
        "name": "info",
        "type": "tuple"
      },
      {
        "components": [
          {
            "internalType": "contract IUniswapV2Router02",
            "name": "router",
            "type": "address"
          },
          {
            "internalType": "uint256",
            "name": "liquidityPercent",
            "type": "uint256"
          },
          {
            "internalType": "uint256",
            "name": "lockTime",
            "type": "uint256"
          },
          {
            "internalType": "address",
            "name": "locker",
            "type": "address"
          },
          {
            "internalType": "uint256",
            "name": "liquidityAdded",
            "type": "uint256"
          },
          {
            "internalType": "bool",
            "name": "isAutolisting",
            "type": "bool"
          }
        ],
        "indexed": false,
        "internalType": "struct GempadLaunchpadFactory.LiquidityDetails",
        "name": "liq",
        "type": "tuple"
      },
      {
        "components": [
          {
            "internalType": "bool",
            "name": "isVestingEnable",
            "type": "bool"
          },
          {
            "internalType": "uint256",
            "name": "TGEPercent",
            "type": "uint256"
          },
          {
            "internalType": "uint256",
            "name": "cyclePercent",
            "type": "uint256"
          },
          {
            "internalType": "uint256",
            "name": "cycleInterval",
            "type": "uint256"
          }
        ],
        "indexed": false,
        "internalType": "struct GempadLaunchpadFactory.VestingDetails",
        "name": "vesting",
        "type": "tuple"
      },
      {
        "indexed": false,
        "internalType": "bool",
        "name": "isprivateSale",
        "type": "bool"
      },
      {
        "indexed": false,
        "internalType": "address",
        "name": "launchpad",
        "type": "address"
      },
      {
        "indexed": false,
        "internalType": "bool",
        "name": "refundType",
        "type": "bool"
      }
    ],
    "name": "LaunchpadCreated",
    "type": "event"
  },
  {
    "anonymous": false,
    "inputs": [
      {
        "indexed": true,
        "internalType": "address",
        "name": "previousOwner",
        "type": "address"
      },
      {
        "indexed": true,
        "internalType": "address",
        "name": "newOwner",
        "type": "address"
      }
    ],
    "name": "OwnershipTransferred",
    "type": "event"
  },
  {
    "inputs": [],
    "name": "IdCounter",
    "outputs": [
      {
        "internalType": "uint256",
        "name": "",
        "type": "uint256"
      }
    ],
    "stateMutability": "view",
    "type": "function"
  },
  {
    "inputs": [
      {
        "components": [
          {
            "internalType": "contract IERC20Extented",
            "name": "token",
            "type": "address"
          },
          {
            "internalType": "uint256",
            "name": "sellPrice",
            "type": "uint256"
          },
          {
            "internalType": "uint256",
            "name": "listingPrice",
            "type": "uint256"
          },
          {
            "internalType": "uint256",
            "name": "softCap",
            "type": "uint256"
          },
          {
            "internalType": "uint256",
            "name": "hardCap",
            "type": "uint256"
          },
          {
            "internalType": "uint256",
            "name": "minBuyLimit",
            "type": "uint256"
          },
          {
            "internalType": "uint256",
            "name": "maxBuyLimit",
            "type": "uint256"
          },
          {
            "internalType": "uint256",
            "name": "startTime",
            "type": "uint256"
          },
          {
            "internalType": "uint256",
            "name": "endTime",
            "type": "uint256"
          },
          {
            "internalType": "uint256",
            "name": "finalizeTime",
            "type": "uint256"
          },
          {
            "internalType": "uint256",
            "name": "publicSaleTime",
            "type": "uint256"
          }
        ],
        "internalType": "struct GempadLaunchpadFactory.LaunchpadDetails",
        "name": "_info",
        "type": "tuple"
      },
      {
        "components": [
          {
            "internalType": "contract IUniswapV2Router02",
            "name": "router",
            "type": "address"
          },
          {
            "internalType": "uint256",
            "name": "liquidityPercent",
            "type": "uint256"
          },
          {
            "internalType": "uint256",
            "name": "lockTime",
            "type": "uint256"
          },
          {
            "internalType": "address",
            "name": "locker",
            "type": "address"
          },
          {
            "internalType": "uint256",
            "name": "liquidityAdded",
            "type": "uint256"
          },
          {
            "internalType": "bool",
            "name": "isAutolisting",
            "type": "bool"
          }
        ],
        "internalType": "struct GempadLaunchpadFactory.LiquidityDetails",
        "name": "_liquidity",
        "type": "tuple"
      },
      {
        "components": [
          {
            "internalType": "bool",
            "name": "isVestingEnable",
            "type": "bool"
          },
          {
            "internalType": "uint256",
            "name": "TGEPercent",
            "type": "uint256"
          },
          {
            "internalType": "uint256",
            "name": "cyclePercent",
            "type": "uint256"
          },
          {
            "internalType": "uint256",
            "name": "cycleInterval",
            "type": "uint256"
          }
        ],
        "internalType": "struct GempadLaunchpadFactory.VestingDetails",
        "name": "_vesting",
        "type": "tuple"
      },
      {
        "internalType": "address",
        "name": "_fundToken",
        "type": "address"
      },
      {
        "internalType": "bool",
        "name": "_isprivateSale",
        "type": "bool"
      },
      {
        "internalType": "bool",
        "name": "_isAffiliate",
        "type": "bool"
      },
      {
        "internalType": "uint256",
        "name": "_affiliateReward",
        "type": "uint256"
      },
      {
        "internalType": "bool",
        "name": "_refundType",
        "type": "bool"
      },
      {
        "internalType": "address payable",
        "name": "_feeReceiver",
        "type": "address"
      }
    ],
    "name": "createLaunchpad",
    "outputs": [],
    "stateMutability": "payable",
    "type": "function"
  },
  {
    "inputs": [],
    "name": "getAllLaunchpads",
    "outputs": [
      {
        "internalType": "address[]",
        "name": "",
        "type": "address[]"
      }
    ],
    "stateMutability": "view",
    "type": "function"
  },
  {
    "inputs": [],
    "name": "getImplementation",
    "outputs": [
      {
        "internalType": "address",
        "name": "",
        "type": "address"
      }
    ],
    "stateMutability": "view",
    "type": "function"
  },
  {
    "inputs": [],
    "name": "getLaunchpadBeacon",
    "outputs": [
      {
        "internalType": "address",
        "name": "",
        "type": "address"
      }
    ],
    "stateMutability": "view",
    "type": "function"
  },
  {
    "inputs": [
      {
        "internalType": "address",
        "name": "_user",
        "type": "address"
      }
    ],
    "name": "getUserLaunchpads",
    "outputs": [
      {
        "internalType": "address[]",
        "name": "",
        "type": "address[]"
      }
    ],
    "stateMutability": "view",
    "type": "function"
  },
  {
    "inputs": [
      {
        "internalType": "uint256",
        "name": "",
        "type": "uint256"
      }
    ],
    "name": "launchpads",
    "outputs": [
      {
        "internalType": "address",
        "name": "",
        "type": "address"
      }
    ],
    "stateMutability": "view",
    "type": "function"
  },
  {
    "inputs": [],
    "name": "owner",
    "outputs": [
      {
        "internalType": "address",
        "name": "",
        "type": "address"
      }
    ],
    "stateMutability": "view",
    "type": "function"
  },
  {
    "inputs": [],
    "name": "renounceOwnership",
    "outputs": [],
    "stateMutability": "nonpayable",
    "type": "function"
  },
  {
    "inputs": [
      {
        "internalType": "address",
        "name": "newOwner",
        "type": "address"
      }
    ],
    "name": "transferOwnership",
    "outputs": [],
    "stateMutability": "nonpayable",
    "type": "function"
  }
]